batch_size,eps,fname,norm,steps,trials,acc,robust-acc
1000,10.0,comps_10_dataset_FMNIST_method_svd_v2_0_normalized1_0_normalized2_0_freezed_0_denses_1_dense-size_128_076,l2,100,10,0.8693,0.0
1000,50.0,comps_10_dataset_FMNIST_method_svd_v2_0_normalized1_0_normalized2_0_freezed_0_denses_1_dense-size_128_076,l2,100,10,0.8693,0.0
1000,1.0,comps_10_dataset_FMNIST_method_svd_v2_0_normalized1_0_normalized2_0_freezed_0_denses_1_dense-size_128_076,l2,100,10,0.8693,0.1132
1000,2.0,comps_10_dataset_FMNIST_method_svd_v2_0_normalized1_0_normalized2_0_freezed_0_denses_1_dense-size_128_076,l2,100,10,0.8693,0.0018
1000,0.1,comps_10_dataset_FMNIST_method_svd_v2_0_normalized1_0_normalized2_0_freezed_0_denses_1_dense-size_128_076,linf,100,10,0.8693,0.0078
1000,0.15,comps_10_dataset_FMNIST_method_svd_v2_0_normalized1_0_normalized2_0_freezed_0_denses_1_dense-size_128_076,linf,100,10,0.8693,0.0001
1000,10.0,comps_10_dataset_FMNIST_method_svd_v2_0_normalized1_0_normalized2_0_freezed_0_denses_1_dense-size_256_071,l2,100,10,0.8732,0.0
1000,50.0,comps_10_dataset_FMNIST_method_svd_v2_0_normalized1_0_normalized2_0_freezed_0_denses_1_dense-size_256_071,l2,100,10,0.8732,0.0
1000,1.0,comps_10_dataset_FMNIST_method_svd_v2_0_normalized1_0_normalized2_0_freezed_0_denses_1_dense-size_256_071,l2,100,10,0.8732,0.0712
1000,2.0,comps_10_dataset_FMNIST_method_svd_v2_0_normalized1_0_normalized2_0_freezed_0_denses_1_dense-size_256_071,l2,100,10,0.8732,0.0022
1000,0.1,comps_10_dataset_FMNIST_method_svd_v2_0_normalized1_0_normalized2_0_freezed_0_denses_1_dense-size_256_071,linf,100,10,0.8732,0.0049
1000,0.15,comps_10_dataset_FMNIST_method_svd_v2_0_normalized1_0_normalized2_0_freezed_0_denses_1_dense-size_256_071,linf,100,10,0.8732,0.0001
1000,10.0,comps_10_dataset_FMNIST_method_svd_v2_0_normalized1_0_normalized2_0_freezed_0_denses_4_dense-size_128_067,l2,100,10,0.8779,0.0
1000,50.0,comps_10_dataset_FMNIST_method_svd_v2_0_normalized1_0_normalized2_0_freezed_0_denses_4_dense-size_128_067,l2,100,10,0.8779,0.0
1000,1.0,comps_10_dataset_FMNIST_method_svd_v2_0_normalized1_0_normalized2_0_freezed_0_denses_4_dense-size_128_067,l2,100,10,0.8779,0.041
1000,2.0,comps_10_dataset_FMNIST_method_svd_v2_0_normalized1_0_normalized2_0_freezed_0_denses_4_dense-size_128_067,l2,100,10,0.8779,0.0
1000,0.1,comps_10_dataset_FMNIST_method_svd_v2_0_normalized1_0_normalized2_0_freezed_0_denses_4_dense-size_128_067,linf,100,10,0.8779,0.0
1000,0.15,comps_10_dataset_FMNIST_method_svd_v2_0_normalized1_0_normalized2_0_freezed_0_denses_4_dense-size_128_067,linf,100,10,0.8779,0.0
1000,10.0,comps_10_dataset_FMNIST_method_svd_v2_0_normalized1_0_normalized2_0_freezed_0_denses_4_dense-size_256_051,l2,100,10,0.8742,0.0
1000,50.0,comps_10_dataset_FMNIST_method_svd_v2_0_normalized1_0_normalized2_0_freezed_0_denses_4_dense-size_256_051,l2,100,10,0.8742,0.0
1000,1.0,comps_10_dataset_FMNIST_method_svd_v2_0_normalized1_0_normalized2_0_freezed_0_denses_4_dense-size_256_051,l2,100,10,0.8742,0.036
1000,2.0,comps_10_dataset_FMNIST_method_svd_v2_0_normalized1_0_normalized2_0_freezed_0_denses_4_dense-size_256_051,l2,100,10,0.8742,0.0004
1000,0.1,comps_10_dataset_FMNIST_method_svd_v2_0_normalized1_0_normalized2_0_freezed_0_denses_4_dense-size_256_051,linf,100,10,0.8742,0.0007
1000,0.15,comps_10_dataset_FMNIST_method_svd_v2_0_normalized1_0_normalized2_0_freezed_0_denses_4_dense-size_256_051,linf,100,10,0.8742,0.0
1000,10.0,comps_10_dataset_FMNIST_method_svd_v2_0_normalized1_0_normalized2_0_freezed_1_denses_1_dense-size_128_095,l2,100,10,0.8192,0.0
1000,50.0,comps_10_dataset_FMNIST_method_svd_v2_0_normalized1_0_normalized2_0_freezed_1_denses_1_dense-size_128_095,l2,100,10,0.8192,0.0
1000,1.0,comps_10_dataset_FMNIST_method_svd_v2_0_normalized1_0_normalized2_0_freezed_1_denses_1_dense-size_128_095,l2,100,10,0.8192,0.3357
1000,2.0,comps_10_dataset_FMNIST_method_svd_v2_0_normalized1_0_normalized2_0_freezed_1_denses_1_dense-size_128_095,l2,100,10,0.8192,0.1204
1000,0.1,comps_10_dataset_FMNIST_method_svd_v2_0_normalized1_0_normalized2_0_freezed_1_denses_1_dense-size_128_095,linf,100,10,0.8192,0.1371
1000,0.15,comps_10_dataset_FMNIST_method_svd_v2_0_normalized1_0_normalized2_0_freezed_1_denses_1_dense-size_128_095,linf,100,10,0.8192,0.0446
1000,10.0,comps_10_dataset_FMNIST_method_svd_v2_0_normalized1_0_normalized2_0_freezed_1_denses_1_dense-size_256_098,l2,100,10,0.8253,0.0
1000,50.0,comps_10_dataset_FMNIST_method_svd_v2_0_normalized1_0_normalized2_0_freezed_1_denses_1_dense-size_256_098,l2,100,10,0.8253,0.0
1000,1.0,comps_10_dataset_FMNIST_method_svd_v2_0_normalized1_0_normalized2_0_freezed_1_denses_1_dense-size_256_098,l2,100,10,0.8253,0.3241
1000,2.0,comps_10_dataset_FMNIST_method_svd_v2_0_normalized1_0_normalized2_0_freezed_1_denses_1_dense-size_256_098,l2,100,10,0.8253,0.1162
1000,0.1,comps_10_dataset_FMNIST_method_svd_v2_0_normalized1_0_normalized2_0_freezed_1_denses_1_dense-size_256_098,linf,100,10,0.8253,0.1346
1000,0.15,comps_10_dataset_FMNIST_method_svd_v2_0_normalized1_0_normalized2_0_freezed_1_denses_1_dense-size_256_098,linf,100,10,0.8253,0.0471
1000,10.0,comps_10_dataset_FMNIST_method_svd_v2_0_normalized1_0_normalized2_0_freezed_1_denses_4_dense-size_128_096,l2,100,10,0.8342,0.0
1000,50.0,comps_10_dataset_FMNIST_method_svd_v2_0_normalized1_0_normalized2_0_freezed_1_denses_4_dense-size_128_096,l2,100,10,0.8342,0.0
1000,1.0,comps_10_dataset_FMNIST_method_svd_v2_0_normalized1_0_normalized2_0_freezed_1_denses_4_dense-size_128_096,l2,100,10,0.8342,0.2641
1000,2.0,comps_10_dataset_FMNIST_method_svd_v2_0_normalized1_0_normalized2_0_freezed_1_denses_4_dense-size_128_096,l2,100,10,0.8342,0.062
1000,0.1,comps_10_dataset_FMNIST_method_svd_v2_0_normalized1_0_normalized2_0_freezed_1_denses_4_dense-size_128_096,linf,100,10,0.8342,0.0843
1000,0.15,comps_10_dataset_FMNIST_method_svd_v2_0_normalized1_0_normalized2_0_freezed_1_denses_4_dense-size_128_096,linf,100,10,0.8342,0.0109
1000,10.0,comps_10_dataset_FMNIST_method_svd_v2_0_normalized1_0_normalized2_0_freezed_1_denses_4_dense-size_256_065,l2,100,10,0.8361,0.0
1000,50.0,comps_10_dataset_FMNIST_method_svd_v2_0_normalized1_0_normalized2_0_freezed_1_denses_4_dense-size_256_065,l2,100,10,0.8361,0.0
1000,1.0,comps_10_dataset_FMNIST_method_svd_v2_0_normalized1_0_normalized2_0_freezed_1_denses_4_dense-size_256_065,l2,100,10,0.8361,0.25
1000,2.0,comps_10_dataset_FMNIST_method_svd_v2_0_normalized1_0_normalized2_0_freezed_1_denses_4_dense-size_256_065,l2,100,10,0.8361,0.0418
1000,0.1,comps_10_dataset_FMNIST_method_svd_v2_0_normalized1_0_normalized2_0_freezed_1_denses_4_dense-size_256_065,linf,100,10,0.8361,0.0615
1000,0.15,comps_10_dataset_FMNIST_method_svd_v2_0_normalized1_0_normalized2_0_freezed_1_denses_4_dense-size_256_065,linf,100,10,0.8361,0.0015
1000,10.0,comps_10_dataset_FMNIST_method_svd_v2_1_normalized1_0_normalized2_0_freezed_1_denses_1_dense-size_128_077,l2,100,10,0.7537,0.0178
1000,50.0,comps_10_dataset_FMNIST_method_svd_v2_1_normalized1_0_normalized2_0_freezed_1_denses_1_dense-size_128_077,l2,100,10,0.7537,0.0
1000,1.0,comps_10_dataset_FMNIST_method_svd_v2_1_normalized1_0_normalized2_0_freezed_1_denses_1_dense-size_128_077,l2,100,10,0.7537,0.224
1000,2.0,comps_10_dataset_FMNIST_method_svd_v2_1_normalized1_0_normalized2_0_freezed_1_denses_1_dense-size_128_077,l2,100,10,0.7537,0.1719
1000,0.1,comps_10_dataset_FMNIST_method_svd_v2_1_normalized1_0_normalized2_0_freezed_1_denses_1_dense-size_128_077,linf,100,10,0.7537,0.1604
1000,0.15,comps_10_dataset_FMNIST_method_svd_v2_1_normalized1_0_normalized2_0_freezed_1_denses_1_dense-size_128_077,linf,100,10,0.7537,0.1336
1000,10.0,comps_10_dataset_FMNIST_method_svd_v2_1_normalized1_0_normalized2_0_freezed_1_denses_1_dense-size_256_094,l2,100,10,0.7643,0.0296
1000,50.0,comps_10_dataset_FMNIST_method_svd_v2_1_normalized1_0_normalized2_0_freezed_1_denses_1_dense-size_256_094,l2,100,10,0.7643,0.0
1000,1.0,comps_10_dataset_FMNIST_method_svd_v2_1_normalized1_0_normalized2_0_freezed_1_denses_1_dense-size_256_094,l2,100,10,0.7643,0.2924
1000,2.0,comps_10_dataset_FMNIST_method_svd_v2_1_normalized1_0_normalized2_0_freezed_1_denses_1_dense-size_256_094,l2,100,10,0.7643,0.1906
1000,0.1,comps_10_dataset_FMNIST_method_svd_v2_1_normalized1_0_normalized2_0_freezed_1_denses_1_dense-size_256_094,linf,100,10,0.7643,0.2423
1000,0.15,comps_10_dataset_FMNIST_method_svd_v2_1_normalized1_0_normalized2_0_freezed_1_denses_1_dense-size_256_094,linf,100,10,0.7643,0.1948
1000,10.0,comps_10_dataset_FMNIST_method_svd_v2_1_normalized1_0_normalized2_0_freezed_1_denses_4_dense-size_128_092,l2,100,10,0.804,0.0
1000,50.0,comps_10_dataset_FMNIST_method_svd_v2_1_normalized1_0_normalized2_0_freezed_1_denses_4_dense-size_128_092,l2,100,10,0.804,0.0
1000,1.0,comps_10_dataset_FMNIST_method_svd_v2_1_normalized1_0_normalized2_0_freezed_1_denses_4_dense-size_128_092,l2,100,10,0.804,0.0702
1000,2.0,comps_10_dataset_FMNIST_method_svd_v2_1_normalized1_0_normalized2_0_freezed_1_denses_4_dense-size_128_092,l2,100,10,0.804,0.0189
1000,0.1,comps_10_dataset_FMNIST_method_svd_v2_1_normalized1_0_normalized2_0_freezed_1_denses_4_dense-size_128_092,linf,100,10,0.804,0.0316
1000,0.15,comps_10_dataset_FMNIST_method_svd_v2_1_normalized1_0_normalized2_0_freezed_1_denses_4_dense-size_128_092,linf,100,10,0.804,0.0105
1000,10.0,comps_10_dataset_FMNIST_method_svd_v2_1_normalized1_0_normalized2_0_freezed_1_denses_4_dense-size_256_098,l2,100,10,0.8053,0.0013
1000,50.0,comps_10_dataset_FMNIST_method_svd_v2_1_normalized1_0_normalized2_0_freezed_1_denses_4_dense-size_256_098,l2,100,10,0.8053,0.0
1000,1.0,comps_10_dataset_FMNIST_method_svd_v2_1_normalized1_0_normalized2_0_freezed_1_denses_4_dense-size_256_098,l2,100,10,0.8053,0.0591
1000,2.0,comps_10_dataset_FMNIST_method_svd_v2_1_normalized1_0_normalized2_0_freezed_1_denses_4_dense-size_256_098,l2,100,10,0.8053,0.0325
1000,0.1,comps_10_dataset_FMNIST_method_svd_v2_1_normalized1_0_normalized2_0_freezed_1_denses_4_dense-size_256_098,linf,100,10,0.8053,0.0227
1000,0.15,comps_10_dataset_FMNIST_method_svd_v2_1_normalized1_0_normalized2_0_freezed_1_denses_4_dense-size_256_098,linf,100,10,0.8053,0.0093
1000,10.0,comps_150_dataset_FMNIST_method_svd_v2_0_normalized1_0_normalized2_0_freezed_0_denses_1_dense-size_128_030,l2,100,10,0.8788,0.0
1000,50.0,comps_150_dataset_FMNIST_method_svd_v2_0_normalized1_0_normalized2_0_freezed_0_denses_1_dense-size_128_030,l2,100,10,0.8788,0.0
1000,1.0,comps_150_dataset_FMNIST_method_svd_v2_0_normalized1_0_normalized2_0_freezed_0_denses_1_dense-size_128_030,l2,100,10,0.8788,0.1041
1000,2.0,comps_150_dataset_FMNIST_method_svd_v2_0_normalized1_0_normalized2_0_freezed_0_denses_1_dense-size_128_030,l2,100,10,0.8788,0.0005
1000,0.1,comps_150_dataset_FMNIST_method_svd_v2_0_normalized1_0_normalized2_0_freezed_0_denses_1_dense-size_128_030,linf,100,10,0.8788,0.0033
1000,0.15,comps_150_dataset_FMNIST_method_svd_v2_0_normalized1_0_normalized2_0_freezed_0_denses_1_dense-size_128_030,linf,100,10,0.8788,0.0001
1000,10.0,comps_150_dataset_FMNIST_method_svd_v2_0_normalized1_0_normalized2_0_freezed_0_denses_1_dense-size_256_053,l2,100,10,0.8906,0.0
1000,50.0,comps_150_dataset_FMNIST_method_svd_v2_0_normalized1_0_normalized2_0_freezed_0_denses_1_dense-size_256_053,l2,100,10,0.8906,0.0
1000,1.0,comps_150_dataset_FMNIST_method_svd_v2_0_normalized1_0_normalized2_0_freezed_0_denses_1_dense-size_256_053,l2,100,10,0.8906,0.0517
1000,2.0,comps_150_dataset_FMNIST_method_svd_v2_0_normalized1_0_normalized2_0_freezed_0_denses_1_dense-size_256_053,l2,100,10,0.8906,0.0005
1000,0.1,comps_150_dataset_FMNIST_method_svd_v2_0_normalized1_0_normalized2_0_freezed_0_denses_1_dense-size_256_053,linf,100,10,0.8906,0.0012
1000,0.15,comps_150_dataset_FMNIST_method_svd_v2_0_normalized1_0_normalized2_0_freezed_0_denses_1_dense-size_256_053,linf,100,10,0.8906,0.0
1000,10.0,comps_150_dataset_FMNIST_method_svd_v2_0_normalized1_0_normalized2_0_freezed_0_denses_4_dense-size_128_041,l2,100,10,0.8888,0.0
1000,50.0,comps_150_dataset_FMNIST_method_svd_v2_0_normalized1_0_normalized2_0_freezed_0_denses_4_dense-size_128_041,l2,100,10,0.8888,0.0
1000,1.0,comps_150_dataset_FMNIST_method_svd_v2_0_normalized1_0_normalized2_0_freezed_0_denses_4_dense-size_128_041,l2,100,10,0.8888,0.0695
1000,2.0,comps_150_dataset_FMNIST_method_svd_v2_0_normalized1_0_normalized2_0_freezed_0_denses_4_dense-size_128_041,l2,100,10,0.8888,0.006
1000,0.1,comps_150_dataset_FMNIST_method_svd_v2_0_normalized1_0_normalized2_0_freezed_0_denses_4_dense-size_128_041,linf,100,10,0.8888,0.0039
1000,0.15,comps_150_dataset_FMNIST_method_svd_v2_0_normalized1_0_normalized2_0_freezed_0_denses_4_dense-size_128_041,linf,100,10,0.8888,0.0007
1000,10.0,comps_150_dataset_FMNIST_method_svd_v2_0_normalized1_0_normalized2_0_freezed_0_denses_4_dense-size_256_015,l2,100,10,0.8859,0.0
1000,50.0,comps_150_dataset_FMNIST_method_svd_v2_0_normalized1_0_normalized2_0_freezed_0_denses_4_dense-size_256_015,l2,100,10,0.8859,0.0
1000,1.0,comps_150_dataset_FMNIST_method_svd_v2_0_normalized1_0_normalized2_0_freezed_0_denses_4_dense-size_256_015,l2,100,10,0.8859,0.1335
1000,2.0,comps_150_dataset_FMNIST_method_svd_v2_0_normalized1_0_normalized2_0_freezed_0_denses_4_dense-size_256_015,l2,100,10,0.8859,0.0022
1000,0.1,comps_150_dataset_FMNIST_method_svd_v2_0_normalized1_0_normalized2_0_freezed_0_denses_4_dense-size_256_015,linf,100,10,0.8859,0.0031
1000,0.15,comps_150_dataset_FMNIST_method_svd_v2_0_normalized1_0_normalized2_0_freezed_0_denses_4_dense-size_256_015,linf,100,10,0.8859,0.0001
1000,10.0,comps_150_dataset_FMNIST_method_svd_v2_0_normalized1_0_normalized2_0_freezed_1_denses_1_dense-size_128_065,l2,100,10,0.8916,0.0
1000,50.0,comps_150_dataset_FMNIST_method_svd_v2_0_normalized1_0_normalized2_0_freezed_1_denses_1_dense-size_128_065,l2,100,10,0.8916,0.0
1000,1.0,comps_150_dataset_FMNIST_method_svd_v2_0_normalized1_0_normalized2_0_freezed_1_denses_1_dense-size_128_065,l2,100,10,0.8916,0.2227
1000,2.0,comps_150_dataset_FMNIST_method_svd_v2_0_normalized1_0_normalized2_0_freezed_1_denses_1_dense-size_128_065,l2,100,10,0.8916,0.0056
1000,0.1,comps_150_dataset_FMNIST_method_svd_v2_0_normalized1_0_normalized2_0_freezed_1_denses_1_dense-size_128_065,linf,100,10,0.8916,0.0189
1000,0.15,comps_150_dataset_FMNIST_method_svd_v2_0_normalized1_0_normalized2_0_freezed_1_denses_1_dense-size_128_065,linf,100,10,0.8916,0.0
1000,10.0,comps_150_dataset_FMNIST_method_svd_v2_0_normalized1_0_normalized2_0_freezed_1_denses_1_dense-size_256_076,l2,100,10,0.8937,0.0
1000,50.0,comps_150_dataset_FMNIST_method_svd_v2_0_normalized1_0_normalized2_0_freezed_1_denses_1_dense-size_256_076,l2,100,10,0.8937,0.0
1000,1.0,comps_150_dataset_FMNIST_method_svd_v2_0_normalized1_0_normalized2_0_freezed_1_denses_1_dense-size_256_076,l2,100,10,0.8937,0.2007
1000,2.0,comps_150_dataset_FMNIST_method_svd_v2_0_normalized1_0_normalized2_0_freezed_1_denses_1_dense-size_256_076,l2,100,10,0.8937,0.0023
1000,0.1,comps_150_dataset_FMNIST_method_svd_v2_0_normalized1_0_normalized2_0_freezed_1_denses_1_dense-size_256_076,linf,100,10,0.8937,0.0083
1000,0.15,comps_150_dataset_FMNIST_method_svd_v2_0_normalized1_0_normalized2_0_freezed_1_denses_1_dense-size_256_076,linf,100,10,0.8937,0.0
1000,10.0,comps_150_dataset_FMNIST_method_svd_v2_0_normalized1_0_normalized2_0_freezed_1_denses_4_dense-size_128_015,l2,100,10,0.8835,0.0
1000,50.0,comps_150_dataset_FMNIST_method_svd_v2_0_normalized1_0_normalized2_0_freezed_1_denses_4_dense-size_128_015,l2,100,10,0.8835,0.0
1000,1.0,comps_150_dataset_FMNIST_method_svd_v2_0_normalized1_0_normalized2_0_freezed_1_denses_4_dense-size_128_015,l2,100,10,0.8835,0.2246
1000,2.0,comps_150_dataset_FMNIST_method_svd_v2_0_normalized1_0_normalized2_0_freezed_1_denses_4_dense-size_128_015,l2,100,10,0.8835,0.0107
1000,0.1,comps_150_dataset_FMNIST_method_svd_v2_0_normalized1_0_normalized2_0_freezed_1_denses_4_dense-size_128_015,linf,100,10,0.8835,0.0204
1000,0.15,comps_150_dataset_FMNIST_method_svd_v2_0_normalized1_0_normalized2_0_freezed_1_denses_4_dense-size_128_015,linf,100,10,0.8835,0.0001
1000,10.0,comps_150_dataset_FMNIST_method_svd_v2_0_normalized1_0_normalized2_0_freezed_1_denses_4_dense-size_256_011,l2,100,10,0.888,0.0
1000,50.0,comps_150_dataset_FMNIST_method_svd_v2_0_normalized1_0_normalized2_0_freezed_1_denses_4_dense-size_256_011,l2,100,10,0.888,0.0
1000,1.0,comps_150_dataset_FMNIST_method_svd_v2_0_normalized1_0_normalized2_0_freezed_1_denses_4_dense-size_256_011,l2,100,10,0.888,0.243
1000,2.0,comps_150_dataset_FMNIST_method_svd_v2_0_normalized1_0_normalized2_0_freezed_1_denses_4_dense-size_256_011,l2,100,10,0.888,0.0095
1000,0.1,comps_150_dataset_FMNIST_method_svd_v2_0_normalized1_0_normalized2_0_freezed_1_denses_4_dense-size_256_011,linf,100,10,0.888,0.0201
1000,0.15,comps_150_dataset_FMNIST_method_svd_v2_0_normalized1_0_normalized2_0_freezed_1_denses_4_dense-size_256_011,linf,100,10,0.888,0.0001
1000,10.0,comps_150_dataset_FMNIST_method_svd_v2_1_normalized1_0_normalized2_0_freezed_1_denses_1_dense-size_128_091,l2,100,10,0.8138,0.0406
1000,50.0,comps_150_dataset_FMNIST_method_svd_v2_1_normalized1_0_normalized2_0_freezed_1_denses_1_dense-size_128_091,l2,100,10,0.8138,0.0
1000,1.0,comps_150_dataset_FMNIST_method_svd_v2_1_normalized1_0_normalized2_0_freezed_1_denses_1_dense-size_128_091,l2,100,10,0.8138,0.4617
1000,2.0,comps_150_dataset_FMNIST_method_svd_v2_1_normalized1_0_normalized2_0_freezed_1_denses_1_dense-size_128_091,l2,100,10,0.8138,0.3816
1000,0.1,comps_150_dataset_FMNIST_method_svd_v2_1_normalized1_0_normalized2_0_freezed_1_denses_1_dense-size_128_091,linf,100,10,0.8138,0.2957
1000,0.15,comps_150_dataset_FMNIST_method_svd_v2_1_normalized1_0_normalized2_0_freezed_1_denses_1_dense-size_128_091,linf,100,10,0.8138,0.2485
1000,10.0,comps_150_dataset_FMNIST_method_svd_v2_1_normalized1_0_normalized2_0_freezed_1_denses_1_dense-size_256_089,l2,100,10,0.8245,0.0095
1000,50.0,comps_150_dataset_FMNIST_method_svd_v2_1_normalized1_0_normalized2_0_freezed_1_denses_1_dense-size_256_089,l2,100,10,0.8245,0.0
1000,1.0,comps_150_dataset_FMNIST_method_svd_v2_1_normalized1_0_normalized2_0_freezed_1_denses_1_dense-size_256_089,l2,100,10,0.8245,0.4872
1000,2.0,comps_150_dataset_FMNIST_method_svd_v2_1_normalized1_0_normalized2_0_freezed_1_denses_1_dense-size_256_089,l2,100,10,0.8245,0.3863
1000,0.1,comps_150_dataset_FMNIST_method_svd_v2_1_normalized1_0_normalized2_0_freezed_1_denses_1_dense-size_256_089,linf,100,10,0.8245,0.3004
1000,0.15,comps_150_dataset_FMNIST_method_svd_v2_1_normalized1_0_normalized2_0_freezed_1_denses_1_dense-size_256_089,linf,100,10,0.8245,0.2267
1000,10.0,comps_150_dataset_FMNIST_method_svd_v2_1_normalized1_0_normalized2_0_freezed_1_denses_4_dense-size_128_063,l2,100,10,0.8315,0.0
1000,50.0,comps_150_dataset_FMNIST_method_svd_v2_1_normalized1_0_normalized2_0_freezed_1_denses_4_dense-size_128_063,l2,100,10,0.8315,0.0
1000,1.0,comps_150_dataset_FMNIST_method_svd_v2_1_normalized1_0_normalized2_0_freezed_1_denses_4_dense-size_128_063,l2,100,10,0.8315,0.0464
1000,2.0,comps_150_dataset_FMNIST_method_svd_v2_1_normalized1_0_normalized2_0_freezed_1_denses_4_dense-size_128_063,l2,100,10,0.8315,0.0096
1000,0.1,comps_150_dataset_FMNIST_method_svd_v2_1_normalized1_0_normalized2_0_freezed_1_denses_4_dense-size_128_063,linf,100,10,0.8315,0.01
1000,0.15,comps_150_dataset_FMNIST_method_svd_v2_1_normalized1_0_normalized2_0_freezed_1_denses_4_dense-size_128_063,linf,100,10,0.8315,0.0027
1000,10.0,comps_150_dataset_FMNIST_method_svd_v2_1_normalized1_0_normalized2_0_freezed_1_denses_4_dense-size_256_099,l2,100,10,0.8457,0.0
1000,50.0,comps_150_dataset_FMNIST_method_svd_v2_1_normalized1_0_normalized2_0_freezed_1_denses_4_dense-size_256_099,l2,100,10,0.8457,0.0
1000,1.0,comps_150_dataset_FMNIST_method_svd_v2_1_normalized1_0_normalized2_0_freezed_1_denses_4_dense-size_256_099,l2,100,10,0.8457,0.0608
1000,2.0,comps_150_dataset_FMNIST_method_svd_v2_1_normalized1_0_normalized2_0_freezed_1_denses_4_dense-size_256_099,l2,100,10,0.8457,0.0185
1000,0.1,comps_150_dataset_FMNIST_method_svd_v2_1_normalized1_0_normalized2_0_freezed_1_denses_4_dense-size_256_099,linf,100,10,0.8457,0.0149
1000,0.15,comps_150_dataset_FMNIST_method_svd_v2_1_normalized1_0_normalized2_0_freezed_1_denses_4_dense-size_256_099,linf,100,10,0.8457,0.0027
1000,10.0,comps_40_dataset_FMNIST_method_svd_v2_0_normalized1_0_normalized2_0_freezed_0_denses_1_dense-size_128_075,l2,100,10,0.8808,0.0
1000,50.0,comps_40_dataset_FMNIST_method_svd_v2_0_normalized1_0_normalized2_0_freezed_0_denses_1_dense-size_128_075,l2,100,10,0.8808,0.0
1000,1.0,comps_40_dataset_FMNIST_method_svd_v2_0_normalized1_0_normalized2_0_freezed_0_denses_1_dense-size_128_075,l2,100,10,0.8808,0.0507
1000,2.0,comps_40_dataset_FMNIST_method_svd_v2_0_normalized1_0_normalized2_0_freezed_0_denses_1_dense-size_128_075,l2,100,10,0.8808,0.0001
1000,0.1,comps_40_dataset_FMNIST_method_svd_v2_0_normalized1_0_normalized2_0_freezed_0_denses_1_dense-size_128_075,linf,100,10,0.8808,0.0005
1000,0.15,comps_40_dataset_FMNIST_method_svd_v2_0_normalized1_0_normalized2_0_freezed_0_denses_1_dense-size_128_075,linf,100,10,0.8808,0.0
1000,10.0,comps_40_dataset_FMNIST_method_svd_v2_0_normalized1_0_normalized2_0_freezed_0_denses_1_dense-size_256_077,l2,100,10,0.8851,0.0
1000,50.0,comps_40_dataset_FMNIST_method_svd_v2_0_normalized1_0_normalized2_0_freezed_0_denses_1_dense-size_256_077,l2,100,10,0.8851,0.0
1000,1.0,comps_40_dataset_FMNIST_method_svd_v2_0_normalized1_0_normalized2_0_freezed_0_denses_1_dense-size_256_077,l2,100,10,0.8851,0.0359
1000,2.0,comps_40_dataset_FMNIST_method_svd_v2_0_normalized1_0_normalized2_0_freezed_0_denses_1_dense-size_256_077,l2,100,10,0.8851,0.0002
1000,0.1,comps_40_dataset_FMNIST_method_svd_v2_0_normalized1_0_normalized2_0_freezed_0_denses_1_dense-size_256_077,linf,100,10,0.8851,0.0009
1000,0.15,comps_40_dataset_FMNIST_method_svd_v2_0_normalized1_0_normalized2_0_freezed_0_denses_1_dense-size_256_077,linf,100,10,0.8851,0.0
1000,10.0,comps_40_dataset_FMNIST_method_svd_v2_0_normalized1_0_normalized2_0_freezed_0_denses_4_dense-size_128_049,l2,100,10,0.8838,0.0
1000,50.0,comps_40_dataset_FMNIST_method_svd_v2_0_normalized1_0_normalized2_0_freezed_0_denses_4_dense-size_128_049,l2,100,10,0.8838,0.0
1000,1.0,comps_40_dataset_FMNIST_method_svd_v2_0_normalized1_0_normalized2_0_freezed_0_denses_4_dense-size_128_049,l2,100,10,0.8838,0.036
1000,2.0,comps_40_dataset_FMNIST_method_svd_v2_0_normalized1_0_normalized2_0_freezed_0_denses_4_dense-size_128_049,l2,100,10,0.8838,0.0011
1000,0.1,comps_40_dataset_FMNIST_method_svd_v2_0_normalized1_0_normalized2_0_freezed_0_denses_4_dense-size_128_049,linf,100,10,0.8838,0.0008
1000,0.15,comps_40_dataset_FMNIST_method_svd_v2_0_normalized1_0_normalized2_0_freezed_0_denses_4_dense-size_128_049,linf,100,10,0.8838,0.0
1000,10.0,comps_40_dataset_FMNIST_method_svd_v2_0_normalized1_0_normalized2_0_freezed_0_denses_4_dense-size_256_070,l2,100,10,0.8853,0.0007
1000,50.0,comps_40_dataset_FMNIST_method_svd_v2_0_normalized1_0_normalized2_0_freezed_0_denses_4_dense-size_256_070,l2,100,10,0.8853,0.0
1000,1.0,comps_40_dataset_FMNIST_method_svd_v2_0_normalized1_0_normalized2_0_freezed_0_denses_4_dense-size_256_070,l2,100,10,0.8853,0.1107
1000,2.0,comps_40_dataset_FMNIST_method_svd_v2_0_normalized1_0_normalized2_0_freezed_0_denses_4_dense-size_256_070,l2,100,10,0.8853,0.0625
1000,0.1,comps_40_dataset_FMNIST_method_svd_v2_0_normalized1_0_normalized2_0_freezed_0_denses_4_dense-size_256_070,linf,100,10,0.8853,0.0004
1000,0.15,comps_40_dataset_FMNIST_method_svd_v2_0_normalized1_0_normalized2_0_freezed_0_denses_4_dense-size_256_070,linf,100,10,0.8853,0.0
1000,10.0,comps_40_dataset_FMNIST_method_svd_v2_0_normalized1_0_normalized2_0_freezed_1_denses_1_dense-size_128_096,l2,100,10,0.8736,0.0
1000,50.0,comps_40_dataset_FMNIST_method_svd_v2_0_normalized1_0_normalized2_0_freezed_1_denses_1_dense-size_128_096,l2,100,10,0.8736,0.0
1000,1.0,comps_40_dataset_FMNIST_method_svd_v2_0_normalized1_0_normalized2_0_freezed_1_denses_1_dense-size_128_096,l2,100,10,0.8736,0.3243
1000,2.0,comps_40_dataset_FMNIST_method_svd_v2_0_normalized1_0_normalized2_0_freezed_1_denses_1_dense-size_128_096,l2,100,10,0.8736,0.0743
1000,0.1,comps_40_dataset_FMNIST_method_svd_v2_0_normalized1_0_normalized2_0_freezed_1_denses_1_dense-size_128_096,linf,100,10,0.8736,0.1024
1000,0.15,comps_40_dataset_FMNIST_method_svd_v2_0_normalized1_0_normalized2_0_freezed_1_denses_1_dense-size_128_096,linf,100,10,0.8736,0.0196
1000,10.0,comps_40_dataset_FMNIST_method_svd_v2_0_normalized1_0_normalized2_0_freezed_1_denses_1_dense-size_256_075,l2,100,10,0.8764,0.0
1000,50.0,comps_40_dataset_FMNIST_method_svd_v2_0_normalized1_0_normalized2_0_freezed_1_denses_1_dense-size_256_075,l2,100,10,0.8764,0.0
1000,1.0,comps_40_dataset_FMNIST_method_svd_v2_0_normalized1_0_normalized2_0_freezed_1_denses_1_dense-size_256_075,l2,100,10,0.8764,0.3319
1000,2.0,comps_40_dataset_FMNIST_method_svd_v2_0_normalized1_0_normalized2_0_freezed_1_denses_1_dense-size_256_075,l2,100,10,0.8764,0.0828
1000,0.1,comps_40_dataset_FMNIST_method_svd_v2_0_normalized1_0_normalized2_0_freezed_1_denses_1_dense-size_256_075,linf,100,10,0.8764,0.1148
1000,0.15,comps_40_dataset_FMNIST_method_svd_v2_0_normalized1_0_normalized2_0_freezed_1_denses_1_dense-size_256_075,linf,100,10,0.8764,0.0235
1000,10.0,comps_40_dataset_FMNIST_method_svd_v2_0_normalized1_0_normalized2_0_freezed_1_denses_4_dense-size_128_061,l2,100,10,0.8817,0.0
1000,50.0,comps_40_dataset_FMNIST_method_svd_v2_0_normalized1_0_normalized2_0_freezed_1_denses_4_dense-size_128_061,l2,100,10,0.8817,0.0
1000,1.0,comps_40_dataset_FMNIST_method_svd_v2_0_normalized1_0_normalized2_0_freezed_1_denses_4_dense-size_128_061,l2,100,10,0.8817,0.2437
1000,2.0,comps_40_dataset_FMNIST_method_svd_v2_0_normalized1_0_normalized2_0_freezed_1_denses_4_dense-size_128_061,l2,100,10,0.8817,0.0403
1000,0.1,comps_40_dataset_FMNIST_method_svd_v2_0_normalized1_0_normalized2_0_freezed_1_denses_4_dense-size_128_061,linf,100,10,0.8817,0.0581
1000,0.15,comps_40_dataset_FMNIST_method_svd_v2_0_normalized1_0_normalized2_0_freezed_1_denses_4_dense-size_128_061,linf,100,10,0.8817,0.0118
1000,10.0,comps_40_dataset_FMNIST_method_svd_v2_0_normalized1_0_normalized2_0_freezed_1_denses_4_dense-size_256_060,l2,100,10,0.8831,0.0
1000,50.0,comps_40_dataset_FMNIST_method_svd_v2_0_normalized1_0_normalized2_0_freezed_1_denses_4_dense-size_256_060,l2,100,10,0.8831,0.0
1000,1.0,comps_40_dataset_FMNIST_method_svd_v2_0_normalized1_0_normalized2_0_freezed_1_denses_4_dense-size_256_060,l2,100,10,0.8831,0.2249
1000,2.0,comps_40_dataset_FMNIST_method_svd_v2_0_normalized1_0_normalized2_0_freezed_1_denses_4_dense-size_256_060,l2,100,10,0.8831,0.0401
1000,0.1,comps_40_dataset_FMNIST_method_svd_v2_0_normalized1_0_normalized2_0_freezed_1_denses_4_dense-size_256_060,linf,100,10,0.8831,0.0434
1000,0.15,comps_40_dataset_FMNIST_method_svd_v2_0_normalized1_0_normalized2_0_freezed_1_denses_4_dense-size_256_060,linf,100,10,0.8831,0.0023
1000,10.0,comps_40_dataset_FMNIST_method_svd_v2_1_normalized1_0_normalized2_0_freezed_1_denses_1_dense-size_128_072,l2,100,10,0.8145,0.0303
1000,50.0,comps_40_dataset_FMNIST_method_svd_v2_1_normalized1_0_normalized2_0_freezed_1_denses_1_dense-size_128_072,l2,100,10,0.8145,0.0
1000,1.0,comps_40_dataset_FMNIST_method_svd_v2_1_normalized1_0_normalized2_0_freezed_1_denses_1_dense-size_128_072,l2,100,10,0.8145,0.4314
1000,2.0,comps_40_dataset_FMNIST_method_svd_v2_1_normalized1_0_normalized2_0_freezed_1_denses_1_dense-size_128_072,l2,100,10,0.8145,0.3513
1000,0.1,comps_40_dataset_FMNIST_method_svd_v2_1_normalized1_0_normalized2_0_freezed_1_denses_1_dense-size_128_072,linf,100,10,0.8145,0.2529
1000,0.15,comps_40_dataset_FMNIST_method_svd_v2_1_normalized1_0_normalized2_0_freezed_1_denses_1_dense-size_128_072,linf,100,10,0.8145,0.1907
1000,10.0,comps_40_dataset_FMNIST_method_svd_v2_1_normalized1_0_normalized2_0_freezed_1_denses_1_dense-size_256_095,l2,100,10,0.8129,0.0282
1000,50.0,comps_40_dataset_FMNIST_method_svd_v2_1_normalized1_0_normalized2_0_freezed_1_denses_1_dense-size_256_095,l2,100,10,0.8129,0.0
1000,1.0,comps_40_dataset_FMNIST_method_svd_v2_1_normalized1_0_normalized2_0_freezed_1_denses_1_dense-size_256_095,l2,100,10,0.8129,0.4183
1000,2.0,comps_40_dataset_FMNIST_method_svd_v2_1_normalized1_0_normalized2_0_freezed_1_denses_1_dense-size_256_095,l2,100,10,0.8129,0.3449
1000,0.1,comps_40_dataset_FMNIST_method_svd_v2_1_normalized1_0_normalized2_0_freezed_1_denses_1_dense-size_256_095,linf,100,10,0.8129,0.2379
1000,0.15,comps_40_dataset_FMNIST_method_svd_v2_1_normalized1_0_normalized2_0_freezed_1_denses_1_dense-size_256_095,linf,100,10,0.8129,0.1702
1000,10.0,comps_40_dataset_FMNIST_method_svd_v2_1_normalized1_0_normalized2_0_freezed_1_denses_4_dense-size_128_091,l2,100,10,0.8381,0.0001
1000,50.0,comps_40_dataset_FMNIST_method_svd_v2_1_normalized1_0_normalized2_0_freezed_1_denses_4_dense-size_128_091,l2,100,10,0.8381,0.0
1000,1.0,comps_40_dataset_FMNIST_method_svd_v2_1_normalized1_0_normalized2_0_freezed_1_denses_4_dense-size_128_091,l2,100,10,0.8381,0.0631
1000,2.0,comps_40_dataset_FMNIST_method_svd_v2_1_normalized1_0_normalized2_0_freezed_1_denses_4_dense-size_128_091,l2,100,10,0.8381,0.0255
1000,0.1,comps_40_dataset_FMNIST_method_svd_v2_1_normalized1_0_normalized2_0_freezed_1_denses_4_dense-size_128_091,linf,100,10,0.8381,0.02
1000,0.15,comps_40_dataset_FMNIST_method_svd_v2_1_normalized1_0_normalized2_0_freezed_1_denses_4_dense-size_128_091,linf,100,10,0.8381,0.0061
1000,10.0,comps_40_dataset_FMNIST_method_svd_v2_1_normalized1_0_normalized2_0_freezed_1_denses_4_dense-size_256_086,l2,100,10,0.8427,0.0001
1000,50.0,comps_40_dataset_FMNIST_method_svd_v2_1_normalized1_0_normalized2_0_freezed_1_denses_4_dense-size_256_086,l2,100,10,0.8427,0.0
1000,1.0,comps_40_dataset_FMNIST_method_svd_v2_1_normalized1_0_normalized2_0_freezed_1_denses_4_dense-size_256_086,l2,100,10,0.8427,0.0778
1000,2.0,comps_40_dataset_FMNIST_method_svd_v2_1_normalized1_0_normalized2_0_freezed_1_denses_4_dense-size_256_086,l2,100,10,0.8427,0.0309
1000,0.1,comps_40_dataset_FMNIST_method_svd_v2_1_normalized1_0_normalized2_0_freezed_1_denses_4_dense-size_256_086,linf,100,10,0.8427,0.0341
1000,0.15,comps_40_dataset_FMNIST_method_svd_v2_1_normalized1_0_normalized2_0_freezed_1_denses_4_dense-size_256_086,linf,100,10,0.8427,0.0136
1000,10.0,comps_80_dataset_FMNIST_method_svd_v2_0_normalized1_0_normalized2_0_freezed_0_denses_1_dense-size_128_046,l2,100,10,0.8813,0.0
1000,50.0,comps_80_dataset_FMNIST_method_svd_v2_0_normalized1_0_normalized2_0_freezed_0_denses_1_dense-size_128_046,l2,100,10,0.8813,0.0
1000,1.0,comps_80_dataset_FMNIST_method_svd_v2_0_normalized1_0_normalized2_0_freezed_0_denses_1_dense-size_128_046,l2,100,10,0.8813,0.0656
1000,2.0,comps_80_dataset_FMNIST_method_svd_v2_0_normalized1_0_normalized2_0_freezed_0_denses_1_dense-size_128_046,l2,100,10,0.8813,0.0004
1000,0.1,comps_80_dataset_FMNIST_method_svd_v2_0_normalized1_0_normalized2_0_freezed_0_denses_1_dense-size_128_046,linf,100,10,0.8813,0.0014
1000,0.15,comps_80_dataset_FMNIST_method_svd_v2_0_normalized1_0_normalized2_0_freezed_0_denses_1_dense-size_128_046,linf,100,10,0.8813,0.0
1000,10.0,comps_80_dataset_FMNIST_method_svd_v2_0_normalized1_0_normalized2_0_freezed_0_denses_1_dense-size_256_065,l2,100,10,0.8899,0.0
1000,50.0,comps_80_dataset_FMNIST_method_svd_v2_0_normalized1_0_normalized2_0_freezed_0_denses_1_dense-size_256_065,l2,100,10,0.8899,0.0
1000,1.0,comps_80_dataset_FMNIST_method_svd_v2_0_normalized1_0_normalized2_0_freezed_0_denses_1_dense-size_256_065,l2,100,10,0.8899,0.0428
1000,2.0,comps_80_dataset_FMNIST_method_svd_v2_0_normalized1_0_normalized2_0_freezed_0_denses_1_dense-size_256_065,l2,100,10,0.8899,0.0003
1000,0.1,comps_80_dataset_FMNIST_method_svd_v2_0_normalized1_0_normalized2_0_freezed_0_denses_1_dense-size_256_065,linf,100,10,0.8899,0.001
1000,0.15,comps_80_dataset_FMNIST_method_svd_v2_0_normalized1_0_normalized2_0_freezed_0_denses_1_dense-size_256_065,linf,100,10,0.8899,0.0
1000,10.0,comps_80_dataset_FMNIST_method_svd_v2_0_normalized1_0_normalized2_0_freezed_0_denses_4_dense-size_128_026,l2,100,10,0.8869,0.0
1000,50.0,comps_80_dataset_FMNIST_method_svd_v2_0_normalized1_0_normalized2_0_freezed_0_denses_4_dense-size_128_026,l2,100,10,0.8869,0.0
1000,1.0,comps_80_dataset_FMNIST_method_svd_v2_0_normalized1_0_normalized2_0_freezed_0_denses_4_dense-size_128_026,l2,100,10,0.8869,0.0914
1000,2.0,comps_80_dataset_FMNIST_method_svd_v2_0_normalized1_0_normalized2_0_freezed_0_denses_4_dense-size_128_026,l2,100,10,0.8869,0.0008
1000,0.1,comps_80_dataset_FMNIST_method_svd_v2_0_normalized1_0_normalized2_0_freezed_0_denses_4_dense-size_128_026,linf,100,10,0.8869,0.0018
1000,0.15,comps_80_dataset_FMNIST_method_svd_v2_0_normalized1_0_normalized2_0_freezed_0_denses_4_dense-size_128_026,linf,100,10,0.8869,0.0
1000,10.0,comps_80_dataset_FMNIST_method_svd_v2_0_normalized1_0_normalized2_0_freezed_0_denses_4_dense-size_256_014,l2,100,10,0.8861,0.0
1000,50.0,comps_80_dataset_FMNIST_method_svd_v2_0_normalized1_0_normalized2_0_freezed_0_denses_4_dense-size_256_014,l2,100,10,0.8861,0.0
1000,1.0,comps_80_dataset_FMNIST_method_svd_v2_0_normalized1_0_normalized2_0_freezed_0_denses_4_dense-size_256_014,l2,100,10,0.8861,0.1257
1000,2.0,comps_80_dataset_FMNIST_method_svd_v2_0_normalized1_0_normalized2_0_freezed_0_denses_4_dense-size_256_014,l2,100,10,0.8861,0.0024
1000,0.1,comps_80_dataset_FMNIST_method_svd_v2_0_normalized1_0_normalized2_0_freezed_0_denses_4_dense-size_256_014,linf,100,10,0.8861,0.0031
1000,0.15,comps_80_dataset_FMNIST_method_svd_v2_0_normalized1_0_normalized2_0_freezed_0_denses_4_dense-size_256_014,linf,100,10,0.8861,0.0001
1000,10.0,comps_80_dataset_FMNIST_method_svd_v2_0_normalized1_0_normalized2_0_freezed_1_denses_1_dense-size_128_100,l2,100,10,0.8852,0.0
1000,50.0,comps_80_dataset_FMNIST_method_svd_v2_0_normalized1_0_normalized2_0_freezed_1_denses_1_dense-size_128_100,l2,100,10,0.8852,0.0
1000,1.0,comps_80_dataset_FMNIST_method_svd_v2_0_normalized1_0_normalized2_0_freezed_1_denses_1_dense-size_128_100,l2,100,10,0.8852,0.2666
1000,2.0,comps_80_dataset_FMNIST_method_svd_v2_0_normalized1_0_normalized2_0_freezed_1_denses_1_dense-size_128_100,l2,100,10,0.8852,0.0203
1000,0.1,comps_80_dataset_FMNIST_method_svd_v2_0_normalized1_0_normalized2_0_freezed_1_denses_1_dense-size_128_100,linf,100,10,0.8852,0.0494
1000,0.15,comps_80_dataset_FMNIST_method_svd_v2_0_normalized1_0_normalized2_0_freezed_1_denses_1_dense-size_128_100,linf,100,10,0.8852,0.0004
1000,10.0,comps_80_dataset_FMNIST_method_svd_v2_0_normalized1_0_normalized2_0_freezed_1_denses_1_dense-size_256_053,l2,100,10,0.8906,0.0
1000,50.0,comps_80_dataset_FMNIST_method_svd_v2_0_normalized1_0_normalized2_0_freezed_1_denses_1_dense-size_256_053,l2,100,10,0.8906,0.0
1000,1.0,comps_80_dataset_FMNIST_method_svd_v2_0_normalized1_0_normalized2_0_freezed_1_denses_1_dense-size_256_053,l2,100,10,0.8906,0.3127
1000,2.0,comps_80_dataset_FMNIST_method_svd_v2_0_normalized1_0_normalized2_0_freezed_1_denses_1_dense-size_256_053,l2,100,10,0.8906,0.0418
1000,0.1,comps_80_dataset_FMNIST_method_svd_v2_0_normalized1_0_normalized2_0_freezed_1_denses_1_dense-size_256_053,linf,100,10,0.8906,0.0778
1000,0.15,comps_80_dataset_FMNIST_method_svd_v2_0_normalized1_0_normalized2_0_freezed_1_denses_1_dense-size_256_053,linf,100,10,0.8906,0.0022
1000,10.0,comps_80_dataset_FMNIST_method_svd_v2_0_normalized1_0_normalized2_0_freezed_1_denses_4_dense-size_128_049,l2,100,10,0.8869,0.0
1000,50.0,comps_80_dataset_FMNIST_method_svd_v2_0_normalized1_0_normalized2_0_freezed_1_denses_4_dense-size_128_049,l2,100,10,0.8869,0.0
1000,1.0,comps_80_dataset_FMNIST_method_svd_v2_0_normalized1_0_normalized2_0_freezed_1_denses_4_dense-size_128_049,l2,100,10,0.8869,0.2128
1000,2.0,comps_80_dataset_FMNIST_method_svd_v2_0_normalized1_0_normalized2_0_freezed_1_denses_4_dense-size_128_049,l2,100,10,0.8869,0.0137
1000,0.1,comps_80_dataset_FMNIST_method_svd_v2_0_normalized1_0_normalized2_0_freezed_1_denses_4_dense-size_128_049,linf,100,10,0.8869,0.0218
1000,0.15,comps_80_dataset_FMNIST_method_svd_v2_0_normalized1_0_normalized2_0_freezed_1_denses_4_dense-size_128_049,linf,100,10,0.8869,0.0004
1000,10.0,comps_80_dataset_FMNIST_method_svd_v2_0_normalized1_0_normalized2_0_freezed_1_denses_4_dense-size_256_015,l2,100,10,0.8841,0.0
1000,50.0,comps_80_dataset_FMNIST_method_svd_v2_0_normalized1_0_normalized2_0_freezed_1_denses_4_dense-size_256_015,l2,100,10,0.8841,0.0
1000,1.0,comps_80_dataset_FMNIST_method_svd_v2_0_normalized1_0_normalized2_0_freezed_1_denses_4_dense-size_256_015,l2,100,10,0.8841,0.2864
1000,2.0,comps_80_dataset_FMNIST_method_svd_v2_0_normalized1_0_normalized2_0_freezed_1_denses_4_dense-size_256_015,l2,100,10,0.8841,0.0269
1000,0.1,comps_80_dataset_FMNIST_method_svd_v2_0_normalized1_0_normalized2_0_freezed_1_denses_4_dense-size_256_015,linf,100,10,0.8841,0.0481
1000,0.15,comps_80_dataset_FMNIST_method_svd_v2_0_normalized1_0_normalized2_0_freezed_1_denses_4_dense-size_256_015,linf,100,10,0.8841,0.0015
1000,10.0,comps_80_dataset_FMNIST_method_svd_v2_1_normalized1_0_normalized2_0_freezed_1_denses_1_dense-size_128_082,l2,100,10,0.8164,0.0063
1000,50.0,comps_80_dataset_FMNIST_method_svd_v2_1_normalized1_0_normalized2_0_freezed_1_denses_1_dense-size_128_082,l2,100,10,0.8164,0.0
1000,1.0,comps_80_dataset_FMNIST_method_svd_v2_1_normalized1_0_normalized2_0_freezed_1_denses_1_dense-size_128_082,l2,100,10,0.8164,0.4277
1000,2.0,comps_80_dataset_FMNIST_method_svd_v2_1_normalized1_0_normalized2_0_freezed_1_denses_1_dense-size_128_082,l2,100,10,0.8164,0.2915
1000,0.1,comps_80_dataset_FMNIST_method_svd_v2_1_normalized1_0_normalized2_0_freezed_1_denses_1_dense-size_128_082,linf,100,10,0.8164,0.1643
1000,0.15,comps_80_dataset_FMNIST_method_svd_v2_1_normalized1_0_normalized2_0_freezed_1_denses_1_dense-size_128_082,linf,100,10,0.8164,0.1057
1000,10.0,comps_80_dataset_FMNIST_method_svd_v2_1_normalized1_0_normalized2_0_freezed_1_denses_1_dense-size_256_092,l2,100,10,0.8326,0.0228
1000,50.0,comps_80_dataset_FMNIST_method_svd_v2_1_normalized1_0_normalized2_0_freezed_1_denses_1_dense-size_256_092,l2,100,10,0.8326,0.0001
1000,1.0,comps_80_dataset_FMNIST_method_svd_v2_1_normalized1_0_normalized2_0_freezed_1_denses_1_dense-size_256_092,l2,100,10,0.8326,0.4131
1000,2.0,comps_80_dataset_FMNIST_method_svd_v2_1_normalized1_0_normalized2_0_freezed_1_denses_1_dense-size_256_092,l2,100,10,0.8326,0.3098
1000,0.1,comps_80_dataset_FMNIST_method_svd_v2_1_normalized1_0_normalized2_0_freezed_1_denses_1_dense-size_256_092,linf,100,10,0.8326,0.2231
1000,0.15,comps_80_dataset_FMNIST_method_svd_v2_1_normalized1_0_normalized2_0_freezed_1_denses_1_dense-size_256_092,linf,100,10,0.8326,0.1698
1000,10.0,comps_80_dataset_FMNIST_method_svd_v2_1_normalized1_0_normalized2_0_freezed_1_denses_4_dense-size_128_099,l2,100,10,0.8455,0.0
1000,50.0,comps_80_dataset_FMNIST_method_svd_v2_1_normalized1_0_normalized2_0_freezed_1_denses_4_dense-size_128_099,l2,100,10,0.8455,0.0
1000,1.0,comps_80_dataset_FMNIST_method_svd_v2_1_normalized1_0_normalized2_0_freezed_1_denses_4_dense-size_128_099,l2,100,10,0.8455,0.0701
1000,2.0,comps_80_dataset_FMNIST_method_svd_v2_1_normalized1_0_normalized2_0_freezed_1_denses_4_dense-size_128_099,l2,100,10,0.8455,0.0273
1000,0.1,comps_80_dataset_FMNIST_method_svd_v2_1_normalized1_0_normalized2_0_freezed_1_denses_4_dense-size_128_099,linf,100,10,0.8455,0.0259
1000,0.15,comps_80_dataset_FMNIST_method_svd_v2_1_normalized1_0_normalized2_0_freezed_1_denses_4_dense-size_128_099,linf,100,10,0.8455,0.012
1000,10.0,comps_80_dataset_FMNIST_method_svd_v2_1_normalized1_0_normalized2_0_freezed_1_denses_4_dense-size_256_070,l2,100,10,0.8459,0.0
1000,50.0,comps_80_dataset_FMNIST_method_svd_v2_1_normalized1_0_normalized2_0_freezed_1_denses_4_dense-size_256_070,l2,100,10,0.8459,0.0
1000,1.0,comps_80_dataset_FMNIST_method_svd_v2_1_normalized1_0_normalized2_0_freezed_1_denses_4_dense-size_256_070,l2,100,10,0.8459,0.0572
1000,2.0,comps_80_dataset_FMNIST_method_svd_v2_1_normalized1_0_normalized2_0_freezed_1_denses_4_dense-size_256_070,l2,100,10,0.8459,0.0126
1000,0.1,comps_80_dataset_FMNIST_method_svd_v2_1_normalized1_0_normalized2_0_freezed_1_denses_4_dense-size_256_070,linf,100,10,0.8459,0.0291
1000,0.15,comps_80_dataset_FMNIST_method_svd_v2_1_normalized1_0_normalized2_0_freezed_1_denses_4_dense-size_256_070,linf,100,10,0.8459,0.006
