filename,model_index,val_accuracy
comps_100_dataset_FMNIST_method_svd_normalized1_0_normalized2_0_freezed_0_denses_0_dense-size_128_024,23,0.61
comps_100_dataset_FMNIST_method_svd_normalized1_0_normalized2_0_freezed_0_denses_0_dense-size_256_058,57,0.61
comps_100_dataset_FMNIST_method_svd_normalized1_0_normalized2_0_freezed_0_denses_1_dense-size_128_098,97,0.69
comps_100_dataset_FMNIST_method_svd_normalized1_0_normalized2_0_freezed_0_denses_1_dense-size_256_095,94,0.69
comps_100_dataset_FMNIST_method_svd_normalized1_0_normalized2_0_freezed_0_denses_2_dense-size_128_092,91,0.69
comps_100_dataset_FMNIST_method_svd_normalized1_0_normalized2_0_freezed_0_denses_2_dense-size_256_095,94,0.71
comps_100_dataset_FMNIST_method_svd_normalized1_0_normalized2_0_freezed_1_denses_0_dense-size_128_069,68,0.57
comps_100_dataset_FMNIST_method_svd_normalized1_0_normalized2_0_freezed_1_denses_0_dense-size_256_069,68,0.57
comps_100_dataset_FMNIST_method_svd_normalized1_0_normalized2_0_freezed_1_denses_1_dense-size_128_086,85,0.63
comps_100_dataset_FMNIST_method_svd_normalized1_0_normalized2_0_freezed_1_denses_1_dense-size_256_050,49,0.64
comps_100_dataset_FMNIST_method_svd_normalized1_0_normalized2_0_freezed_1_denses_2_dense-size_128_098,97,0.64
comps_100_dataset_FMNIST_method_svd_normalized1_0_normalized2_0_freezed_1_denses_2_dense-size_256_063,62,0.66
comps_100_dataset_FMNIST_method_svd_normalized1_1_normalized2_0_freezed_1_denses_0_dense-size_128_059,58,0.52
comps_100_dataset_FMNIST_method_svd_normalized1_1_normalized2_0_freezed_1_denses_0_dense-size_256_081,80,0.51
comps_100_dataset_FMNIST_method_svd_normalized1_1_normalized2_0_freezed_1_denses_1_dense-size_128_098,97,0.58
comps_100_dataset_FMNIST_method_svd_normalized1_1_normalized2_0_freezed_1_denses_1_dense-size_256_091,90,0.60
comps_100_dataset_FMNIST_method_svd_normalized1_1_normalized2_0_freezed_1_denses_2_dense-size_128_093,92,0.64
comps_100_dataset_FMNIST_method_svd_normalized1_1_normalized2_0_freezed_1_denses_2_dense-size_256_062,61,0.67
comps_100_dataset_FMNIST_method_svd_normalized1_1_normalized2_1_freezed_1_denses_0_dense-size_128_041,40,0.52
comps_100_dataset_FMNIST_method_svd_normalized1_1_normalized2_1_freezed_1_denses_0_dense-size_256_039,38,0.52
comps_100_dataset_FMNIST_method_svd_normalized1_1_normalized2_1_freezed_1_denses_1_dense-size_128_085,84,0.59
comps_100_dataset_FMNIST_method_svd_normalized1_1_normalized2_1_freezed_1_denses_1_dense-size_256_098,97,0.61
comps_100_dataset_FMNIST_method_svd_normalized1_1_normalized2_1_freezed_1_denses_2_dense-size_128_075,74,0.61
comps_100_dataset_FMNIST_method_svd_normalized1_1_normalized2_1_freezed_1_denses_2_dense-size_256_097,96,0.66
comps_10_dataset_FMNIST_method_svd_normalized1_0_normalized2_0_freezed_0_denses_0_dense-size_128_096,95,0.59
comps_10_dataset_FMNIST_method_svd_normalized1_0_normalized2_0_freezed_0_denses_0_dense-size_256_046,45,0.62
comps_10_dataset_FMNIST_method_svd_normalized1_0_normalized2_0_freezed_0_denses_1_dense-size_128_074,73,0.64
comps_10_dataset_FMNIST_method_svd_normalized1_0_normalized2_0_freezed_0_denses_1_dense-size_256_096,95,0.64
comps_10_dataset_FMNIST_method_svd_normalized1_0_normalized2_0_freezed_0_denses_2_dense-size_128_077,76,0.64
comps_10_dataset_FMNIST_method_svd_normalized1_0_normalized2_0_freezed_0_denses_2_dense-size_256_081,80,0.65
comps_10_dataset_FMNIST_method_svd_normalized1_0_normalized2_0_freezed_1_denses_0_dense-size_128_054,53,0.48
comps_10_dataset_FMNIST_method_svd_normalized1_0_normalized2_0_freezed_1_denses_0_dense-size_256_015,14,0.47
comps_10_dataset_FMNIST_method_svd_normalized1_0_normalized2_0_freezed_1_denses_1_dense-size_128_089,88,0.52
comps_10_dataset_FMNIST_method_svd_normalized1_0_normalized2_0_freezed_1_denses_1_dense-size_256_062,61,0.52
comps_10_dataset_FMNIST_method_svd_normalized1_0_normalized2_0_freezed_1_denses_2_dense-size_128_076,75,0.52
comps_10_dataset_FMNIST_method_svd_normalized1_0_normalized2_0_freezed_1_denses_2_dense-size_256_082,81,0.53
comps_10_dataset_FMNIST_method_svd_normalized1_1_normalized2_0_freezed_1_denses_0_dense-size_128_023,22,0.41
comps_10_dataset_FMNIST_method_svd_normalized1_1_normalized2_0_freezed_1_denses_0_dense-size_256_014,13,0.41
comps_10_dataset_FMNIST_method_svd_normalized1_1_normalized2_0_freezed_1_denses_1_dense-size_128_078,77,0.47
comps_10_dataset_FMNIST_method_svd_normalized1_1_normalized2_0_freezed_1_denses_1_dense-size_256_025,24,0.47
comps_10_dataset_FMNIST_method_svd_normalized1_1_normalized2_0_freezed_1_denses_2_dense-size_128_034,33,0.47
comps_10_dataset_FMNIST_method_svd_normalized1_1_normalized2_0_freezed_1_denses_2_dense-size_256_100,99,0.55
comps_10_dataset_FMNIST_method_svd_normalized1_1_normalized2_1_freezed_1_denses_0_dense-size_128_025,24,0.41
comps_10_dataset_FMNIST_method_svd_normalized1_1_normalized2_1_freezed_1_denses_0_dense-size_256_008,7,0.41
comps_10_dataset_FMNIST_method_svd_normalized1_1_normalized2_1_freezed_1_denses_1_dense-size_128_072,71,0.47
comps_10_dataset_FMNIST_method_svd_normalized1_1_normalized2_1_freezed_1_denses_1_dense-size_256_086,85,0.46
comps_10_dataset_FMNIST_method_svd_normalized1_1_normalized2_1_freezed_1_denses_2_dense-size_128_078,77,0.48
comps_10_dataset_FMNIST_method_svd_normalized1_1_normalized2_1_freezed_1_denses_2_dense-size_256_093,92,0.47
comps_20_dataset_FMNIST_method_svd_normalized1_0_normalized2_0_freezed_0_denses_0_dense-size_128_058,57,0.61
comps_20_dataset_FMNIST_method_svd_normalized1_0_normalized2_0_freezed_0_denses_0_dense-size_256_098,97,0.61
comps_20_dataset_FMNIST_method_svd_normalized1_0_normalized2_0_freezed_0_denses_1_dense-size_128_098,97,0.67
comps_20_dataset_FMNIST_method_svd_normalized1_0_normalized2_0_freezed_0_denses_1_dense-size_256_098,97,0.68
comps_20_dataset_FMNIST_method_svd_normalized1_0_normalized2_0_freezed_0_denses_2_dense-size_128_097,96,0.68
comps_20_dataset_FMNIST_method_svd_normalized1_0_normalized2_0_freezed_0_denses_2_dense-size_256_098,97,0.69
comps_20_dataset_FMNIST_method_svd_normalized1_0_normalized2_0_freezed_1_denses_0_dense-size_128_030,29,0.50
comps_20_dataset_FMNIST_method_svd_normalized1_0_normalized2_0_freezed_1_denses_0_dense-size_256_030,29,0.50
comps_20_dataset_FMNIST_method_svd_normalized1_0_normalized2_0_freezed_1_denses_1_dense-size_128_088,87,0.56
comps_20_dataset_FMNIST_method_svd_normalized1_0_normalized2_0_freezed_1_denses_1_dense-size_256_079,78,0.56
comps_20_dataset_FMNIST_method_svd_normalized1_0_normalized2_0_freezed_1_denses_2_dense-size_128_074,73,0.57
comps_20_dataset_FMNIST_method_svd_normalized1_0_normalized2_0_freezed_1_denses_2_dense-size_256_054,53,0.57
comps_20_dataset_FMNIST_method_svd_normalized1_1_normalized2_0_freezed_1_denses_0_dense-size_128_010,9,0.45
comps_20_dataset_FMNIST_method_svd_normalized1_1_normalized2_0_freezed_1_denses_0_dense-size_256_017,16,0.44
comps_20_dataset_FMNIST_method_svd_normalized1_1_normalized2_0_freezed_1_denses_1_dense-size_128_080,79,0.51
comps_20_dataset_FMNIST_method_svd_normalized1_1_normalized2_0_freezed_1_denses_1_dense-size_256_078,77,0.51
comps_20_dataset_FMNIST_method_svd_normalized1_1_normalized2_0_freezed_1_denses_2_dense-size_128_100,99,0.51
comps_20_dataset_FMNIST_method_svd_normalized1_1_normalized2_0_freezed_1_denses_2_dense-size_256_080,79,0.51
comps_20_dataset_FMNIST_method_svd_normalized1_1_normalized2_1_freezed_1_denses_0_dense-size_128_009,8,0.46
comps_20_dataset_FMNIST_method_svd_normalized1_1_normalized2_1_freezed_1_denses_0_dense-size_256_015,14,0.45
comps_20_dataset_FMNIST_method_svd_normalized1_1_normalized2_1_freezed_1_denses_1_dense-size_128_058,57,0.50
comps_20_dataset_FMNIST_method_svd_normalized1_1_normalized2_1_freezed_1_denses_1_dense-size_256_074,73,0.50
comps_20_dataset_FMNIST_method_svd_normalized1_1_normalized2_1_freezed_1_denses_2_dense-size_128_080,79,0.51
comps_20_dataset_FMNIST_method_svd_normalized1_1_normalized2_1_freezed_1_denses_2_dense-size_256_095,94,0.51
comps_30_dataset_FMNIST_method_svd_normalized1_0_normalized2_0_freezed_0_denses_0_dense-size_128_058,57,0.62
comps_30_dataset_FMNIST_method_svd_normalized1_0_normalized2_0_freezed_0_denses_0_dense-size_256_058,57,0.62
comps_30_dataset_FMNIST_method_svd_normalized1_0_normalized2_0_freezed_0_denses_1_dense-size_128_098,97,0.67
comps_30_dataset_FMNIST_method_svd_normalized1_0_normalized2_0_freezed_0_denses_1_dense-size_256_098,97,0.68
comps_30_dataset_FMNIST_method_svd_normalized1_0_normalized2_0_freezed_0_denses_2_dense-size_128_098,97,0.68
comps_30_dataset_FMNIST_method_svd_normalized1_0_normalized2_0_freezed_0_denses_2_dense-size_256_097,96,0.70
comps_30_dataset_FMNIST_method_svd_normalized1_0_normalized2_0_freezed_1_denses_0_dense-size_128_041,40,0.51
comps_30_dataset_FMNIST_method_svd_normalized1_0_normalized2_0_freezed_1_denses_0_dense-size_256_035,34,0.51
comps_30_dataset_FMNIST_method_svd_normalized1_0_normalized2_0_freezed_1_denses_1_dense-size_128_030,29,0.59
comps_30_dataset_FMNIST_method_svd_normalized1_0_normalized2_0_freezed_1_denses_1_dense-size_256_073,72,0.58
comps_30_dataset_FMNIST_method_svd_normalized1_0_normalized2_0_freezed_1_denses_2_dense-size_128_058,57,0.59
comps_30_dataset_FMNIST_method_svd_normalized1_0_normalized2_0_freezed_1_denses_2_dense-size_256_098,97,0.59
comps_30_dataset_FMNIST_method_svd_normalized1_1_normalized2_0_freezed_1_denses_0_dense-size_128_060,59,0.47
comps_30_dataset_FMNIST_method_svd_normalized1_1_normalized2_0_freezed_1_denses_0_dense-size_256_013,12,0.47
comps_30_dataset_FMNIST_method_svd_normalized1_1_normalized2_0_freezed_1_denses_1_dense-size_128_056,55,0.52
comps_30_dataset_FMNIST_method_svd_normalized1_1_normalized2_0_freezed_1_denses_1_dense-size_256_082,81,0.53
comps_30_dataset_FMNIST_method_svd_normalized1_1_normalized2_0_freezed_1_denses_2_dense-size_128_056,55,0.54
comps_30_dataset_FMNIST_method_svd_normalized1_1_normalized2_0_freezed_1_denses_2_dense-size_256_056,55,0.53
comps_30_dataset_FMNIST_method_svd_normalized1_1_normalized2_1_freezed_1_denses_0_dense-size_128_016,15,0.47
comps_30_dataset_FMNIST_method_svd_normalized1_1_normalized2_1_freezed_1_denses_0_dense-size_256_016,15,0.48
comps_30_dataset_FMNIST_method_svd_normalized1_1_normalized2_1_freezed_1_denses_1_dense-size_128_095,94,0.53
comps_30_dataset_FMNIST_method_svd_normalized1_1_normalized2_1_freezed_1_denses_1_dense-size_256_093,92,0.59
comps_30_dataset_FMNIST_method_svd_normalized1_1_normalized2_1_freezed_1_denses_2_dense-size_128_054,53,0.53
comps_30_dataset_FMNIST_method_svd_normalized1_1_normalized2_1_freezed_1_denses_2_dense-size_256_078,77,0.54
comps_40_dataset_FMNIST_method_svd_normalized1_0_normalized2_0_freezed_0_denses_0_dense-size_128_058,57,0.61
comps_40_dataset_FMNIST_method_svd_normalized1_0_normalized2_0_freezed_0_denses_0_dense-size_256_058,57,0.61
comps_40_dataset_FMNIST_method_svd_normalized1_0_normalized2_0_freezed_0_denses_1_dense-size_128_098,97,0.67
comps_40_dataset_FMNIST_method_svd_normalized1_0_normalized2_0_freezed_0_denses_1_dense-size_256_097,96,0.69
comps_40_dataset_FMNIST_method_svd_normalized1_0_normalized2_0_freezed_0_denses_2_dense-size_128_098,97,0.69
comps_40_dataset_FMNIST_method_svd_normalized1_0_normalized2_0_freezed_0_denses_2_dense-size_256_091,90,0.70
comps_40_dataset_FMNIST_method_svd_normalized1_0_normalized2_0_freezed_1_denses_0_dense-size_128_073,72,0.52
comps_40_dataset_FMNIST_method_svd_normalized1_0_normalized2_0_freezed_1_denses_0_dense-size_256_068,67,0.52
comps_40_dataset_FMNIST_method_svd_normalized1_0_normalized2_0_freezed_1_denses_1_dense-size_128_056,55,0.60
comps_40_dataset_FMNIST_method_svd_normalized1_0_normalized2_0_freezed_1_denses_1_dense-size_256_098,97,0.60
comps_40_dataset_FMNIST_method_svd_normalized1_0_normalized2_0_freezed_1_denses_2_dense-size_128_060,59,0.60
comps_40_dataset_FMNIST_method_svd_normalized1_0_normalized2_0_freezed_1_denses_2_dense-size_256_063,62,0.61
comps_40_dataset_FMNIST_method_svd_normalized1_1_normalized2_0_freezed_1_denses_0_dense-size_128_018,17,0.48
comps_40_dataset_FMNIST_method_svd_normalized1_1_normalized2_0_freezed_1_denses_0_dense-size_256_024,23,0.48
comps_40_dataset_FMNIST_method_svd_normalized1_1_normalized2_0_freezed_1_denses_1_dense-size_128_063,62,0.53
comps_40_dataset_FMNIST_method_svd_normalized1_1_normalized2_0_freezed_1_denses_1_dense-size_256_083,82,0.57
comps_40_dataset_FMNIST_method_svd_normalized1_1_normalized2_0_freezed_1_denses_2_dense-size_128_098,97,0.59
comps_40_dataset_FMNIST_method_svd_normalized1_1_normalized2_0_freezed_1_denses_2_dense-size_256_074,73,0.64
comps_40_dataset_FMNIST_method_svd_normalized1_1_normalized2_1_freezed_1_denses_0_dense-size_128_018,17,0.48
comps_40_dataset_FMNIST_method_svd_normalized1_1_normalized2_1_freezed_1_denses_0_dense-size_256_018,17,0.48
comps_40_dataset_FMNIST_method_svd_normalized1_1_normalized2_1_freezed_1_denses_1_dense-size_128_099,98,0.58
comps_40_dataset_FMNIST_method_svd_normalized1_1_normalized2_1_freezed_1_denses_1_dense-size_256_078,77,0.58
comps_40_dataset_FMNIST_method_svd_normalized1_1_normalized2_1_freezed_1_denses_2_dense-size_128_078,77,0.54
comps_40_dataset_FMNIST_method_svd_normalized1_1_normalized2_1_freezed_1_denses_2_dense-size_256_098,97,0.64
comps_50_dataset_FMNIST_method_svd_normalized1_0_normalized2_0_freezed_0_denses_0_dense-size_128_058,57,0.62
comps_50_dataset_FMNIST_method_svd_normalized1_0_normalized2_0_freezed_0_denses_0_dense-size_256_058,57,0.62
comps_50_dataset_FMNIST_method_svd_normalized1_0_normalized2_0_freezed_0_denses_1_dense-size_128_095,94,0.67
comps_50_dataset_FMNIST_method_svd_normalized1_0_normalized2_0_freezed_0_denses_1_dense-size_256_092,91,0.69
comps_50_dataset_FMNIST_method_svd_normalized1_0_normalized2_0_freezed_0_denses_2_dense-size_128_098,97,0.69
comps_50_dataset_FMNIST_method_svd_normalized1_0_normalized2_0_freezed_0_denses_2_dense-size_256_097,96,0.71
comps_50_dataset_FMNIST_method_svd_normalized1_0_normalized2_0_freezed_1_denses_0_dense-size_128_048,47,0.54
comps_50_dataset_FMNIST_method_svd_normalized1_0_normalized2_0_freezed_1_denses_0_dense-size_256_066,65,0.54
comps_50_dataset_FMNIST_method_svd_normalized1_0_normalized2_0_freezed_1_denses_1_dense-size_128_023,22,0.61
comps_50_dataset_FMNIST_method_svd_normalized1_0_normalized2_0_freezed_1_denses_1_dense-size_256_073,72,0.62
comps_50_dataset_FMNIST_method_svd_normalized1_0_normalized2_0_freezed_1_denses_2_dense-size_128_080,79,0.62
comps_50_dataset_FMNIST_method_svd_normalized1_0_normalized2_0_freezed_1_denses_2_dense-size_256_073,72,0.63
comps_50_dataset_FMNIST_method_svd_normalized1_1_normalized2_0_freezed_1_denses_0_dense-size_128_072,71,0.49
comps_50_dataset_FMNIST_method_svd_normalized1_1_normalized2_0_freezed_1_denses_0_dense-size_256_023,22,0.49
comps_50_dataset_FMNIST_method_svd_normalized1_1_normalized2_0_freezed_1_denses_1_dense-size_128_086,85,0.56
comps_50_dataset_FMNIST_method_svd_normalized1_1_normalized2_0_freezed_1_denses_1_dense-size_256_092,91,0.60
comps_50_dataset_FMNIST_method_svd_normalized1_1_normalized2_0_freezed_1_denses_2_dense-size_128_098,97,0.60
comps_50_dataset_FMNIST_method_svd_normalized1_1_normalized2_0_freezed_1_denses_2_dense-size_256_061,60,0.63
comps_50_dataset_FMNIST_method_svd_normalized1_1_normalized2_1_freezed_1_denses_0_dense-size_128_029,28,0.49
comps_50_dataset_FMNIST_method_svd_normalized1_1_normalized2_1_freezed_1_denses_0_dense-size_256_023,22,0.50
comps_50_dataset_FMNIST_method_svd_normalized1_1_normalized2_1_freezed_1_denses_1_dense-size_128_076,75,0.60
comps_50_dataset_FMNIST_method_svd_normalized1_1_normalized2_1_freezed_1_denses_1_dense-size_256_099,98,0.60
comps_50_dataset_FMNIST_method_svd_normalized1_1_normalized2_1_freezed_1_denses_2_dense-size_128_082,81,0.58
comps_50_dataset_FMNIST_method_svd_normalized1_1_normalized2_1_freezed_1_denses_2_dense-size_256_099,98,0.64
comps_60_dataset_FMNIST_method_svd_normalized1_0_normalized2_0_freezed_0_denses_0_dense-size_128_058,57,0.61
comps_60_dataset_FMNIST_method_svd_normalized1_0_normalized2_0_freezed_0_denses_0_dense-size_256_073,72,0.61
comps_60_dataset_FMNIST_method_svd_normalized1_0_normalized2_0_freezed_0_denses_1_dense-size_128_098,97,0.68
comps_60_dataset_FMNIST_method_svd_normalized1_0_normalized2_0_freezed_0_denses_1_dense-size_256_080,79,0.69
comps_60_dataset_FMNIST_method_svd_normalized1_0_normalized2_0_freezed_0_denses_2_dense-size_128_097,96,0.69
comps_60_dataset_FMNIST_method_svd_normalized1_0_normalized2_0_freezed_0_denses_2_dense-size_256_095,94,0.71
comps_60_dataset_FMNIST_method_svd_normalized1_0_normalized2_0_freezed_1_denses_0_dense-size_128_043,42,0.54
comps_60_dataset_FMNIST_method_svd_normalized1_0_normalized2_0_freezed_1_denses_0_dense-size_256_034,33,0.55
comps_60_dataset_FMNIST_method_svd_normalized1_0_normalized2_0_freezed_1_denses_1_dense-size_128_068,67,0.61
comps_60_dataset_FMNIST_method_svd_normalized1_0_normalized2_0_freezed_1_denses_1_dense-size_256_045,44,0.62
comps_60_dataset_FMNIST_method_svd_normalized1_0_normalized2_0_freezed_1_denses_2_dense-size_128_062,61,0.63
comps_60_dataset_FMNIST_method_svd_normalized1_0_normalized2_0_freezed_1_denses_2_dense-size_256_063,62,0.64
comps_60_dataset_FMNIST_method_svd_normalized1_1_normalized2_0_freezed_1_denses_0_dense-size_128_048,47,0.49
comps_60_dataset_FMNIST_method_svd_normalized1_1_normalized2_0_freezed_1_denses_0_dense-size_256_048,47,0.49
comps_60_dataset_FMNIST_method_svd_normalized1_1_normalized2_0_freezed_1_denses_1_dense-size_128_098,97,0.57
comps_60_dataset_FMNIST_method_svd_normalized1_1_normalized2_0_freezed_1_denses_1_dense-size_256_083,82,0.58
comps_60_dataset_FMNIST_method_svd_normalized1_1_normalized2_0_freezed_1_denses_2_dense-size_128_076,75,0.57
comps_60_dataset_FMNIST_method_svd_normalized1_1_normalized2_0_freezed_1_denses_2_dense-size_256_098,97,0.65
comps_60_dataset_FMNIST_method_svd_normalized1_1_normalized2_1_freezed_1_denses_0_dense-size_128_048,47,0.50
comps_60_dataset_FMNIST_method_svd_normalized1_1_normalized2_1_freezed_1_denses_0_dense-size_256_034,33,0.50
comps_60_dataset_FMNIST_method_svd_normalized1_1_normalized2_1_freezed_1_denses_1_dense-size_128_098,97,0.56
comps_60_dataset_FMNIST_method_svd_normalized1_1_normalized2_1_freezed_1_denses_1_dense-size_256_099,98,0.61
comps_60_dataset_FMNIST_method_svd_normalized1_1_normalized2_1_freezed_1_denses_2_dense-size_128_072,71,0.59
comps_60_dataset_FMNIST_method_svd_normalized1_1_normalized2_1_freezed_1_denses_2_dense-size_256_078,77,0.64
comps_70_dataset_FMNIST_method_svd_normalized1_0_normalized2_0_freezed_0_denses_0_dense-size_128_058,57,0.61
comps_70_dataset_FMNIST_method_svd_normalized1_0_normalized2_0_freezed_0_denses_0_dense-size_256_039,38,0.61
comps_70_dataset_FMNIST_method_svd_normalized1_0_normalized2_0_freezed_0_denses_1_dense-size_128_098,97,0.68
comps_70_dataset_FMNIST_method_svd_normalized1_0_normalized2_0_freezed_0_denses_1_dense-size_256_097,96,0.69
comps_70_dataset_FMNIST_method_svd_normalized1_0_normalized2_0_freezed_0_denses_2_dense-size_128_097,96,0.70
comps_70_dataset_FMNIST_method_svd_normalized1_0_normalized2_0_freezed_0_denses_2_dense-size_256_092,91,0.70
comps_70_dataset_FMNIST_method_svd_normalized1_0_normalized2_0_freezed_1_denses_0_dense-size_128_044,43,0.55
comps_70_dataset_FMNIST_method_svd_normalized1_0_normalized2_0_freezed_1_denses_0_dense-size_256_043,42,0.55
comps_70_dataset_FMNIST_method_svd_normalized1_0_normalized2_0_freezed_1_denses_1_dense-size_128_063,62,0.63
comps_70_dataset_FMNIST_method_svd_normalized1_0_normalized2_0_freezed_1_denses_1_dense-size_256_095,94,0.63
comps_70_dataset_FMNIST_method_svd_normalized1_0_normalized2_0_freezed_1_denses_2_dense-size_128_095,94,0.63
comps_70_dataset_FMNIST_method_svd_normalized1_0_normalized2_0_freezed_1_denses_2_dense-size_256_095,94,0.64
comps_70_dataset_FMNIST_method_svd_normalized1_1_normalized2_0_freezed_1_denses_0_dense-size_128_046,45,0.50
comps_70_dataset_FMNIST_method_svd_normalized1_1_normalized2_0_freezed_1_denses_0_dense-size_256_065,64,0.50
comps_70_dataset_FMNIST_method_svd_normalized1_1_normalized2_0_freezed_1_denses_1_dense-size_128_076,75,0.57
comps_70_dataset_FMNIST_method_svd_normalized1_1_normalized2_0_freezed_1_denses_1_dense-size_256_085,84,0.59
comps_70_dataset_FMNIST_method_svd_normalized1_1_normalized2_0_freezed_1_denses_2_dense-size_128_085,84,0.61
comps_70_dataset_FMNIST_method_svd_normalized1_1_normalized2_0_freezed_1_denses_2_dense-size_256_075,74,0.65
comps_70_dataset_FMNIST_method_svd_normalized1_1_normalized2_1_freezed_1_denses_0_dense-size_128_032,31,0.51
comps_70_dataset_FMNIST_method_svd_normalized1_1_normalized2_1_freezed_1_denses_0_dense-size_256_027,26,0.51
comps_70_dataset_FMNIST_method_svd_normalized1_1_normalized2_1_freezed_1_denses_1_dense-size_128_096,95,0.57
comps_70_dataset_FMNIST_method_svd_normalized1_1_normalized2_1_freezed_1_denses_1_dense-size_256_100,99,0.58
comps_70_dataset_FMNIST_method_svd_normalized1_1_normalized2_1_freezed_1_denses_2_dense-size_128_097,96,0.62
comps_70_dataset_FMNIST_method_svd_normalized1_1_normalized2_1_freezed_1_denses_2_dense-size_256_098,97,0.61
comps_80_dataset_FMNIST_method_svd_normalized1_0_normalized2_0_freezed_0_denses_0_dense-size_128_058,57,0.61
comps_80_dataset_FMNIST_method_svd_normalized1_0_normalized2_0_freezed_0_denses_0_dense-size_256_058,57,0.61
comps_80_dataset_FMNIST_method_svd_normalized1_0_normalized2_0_freezed_0_denses_1_dense-size_128_098,97,0.68
comps_80_dataset_FMNIST_method_svd_normalized1_0_normalized2_0_freezed_0_denses_1_dense-size_256_095,94,0.69
comps_80_dataset_FMNIST_method_svd_normalized1_0_normalized2_0_freezed_0_denses_2_dense-size_128_098,97,0.69
comps_80_dataset_FMNIST_method_svd_normalized1_0_normalized2_0_freezed_0_denses_2_dense-size_256_095,94,0.71
comps_80_dataset_FMNIST_method_svd_normalized1_0_normalized2_0_freezed_1_denses_0_dense-size_128_039,38,0.56
comps_80_dataset_FMNIST_method_svd_normalized1_0_normalized2_0_freezed_1_denses_0_dense-size_256_032,31,0.56
comps_80_dataset_FMNIST_method_svd_normalized1_0_normalized2_0_freezed_1_denses_1_dense-size_128_065,64,0.63
comps_80_dataset_FMNIST_method_svd_normalized1_0_normalized2_0_freezed_1_denses_1_dense-size_256_048,47,0.63
comps_80_dataset_FMNIST_method_svd_normalized1_0_normalized2_0_freezed_1_denses_2_dense-size_128_058,57,0.63
comps_80_dataset_FMNIST_method_svd_normalized1_0_normalized2_0_freezed_1_denses_2_dense-size_256_088,87,0.65
comps_80_dataset_FMNIST_method_svd_normalized1_1_normalized2_0_freezed_1_denses_0_dense-size_128_065,64,0.51
comps_80_dataset_FMNIST_method_svd_normalized1_1_normalized2_0_freezed_1_denses_0_dense-size_256_100,99,0.51
comps_80_dataset_FMNIST_method_svd_normalized1_1_normalized2_0_freezed_1_denses_1_dense-size_128_093,92,0.59
comps_80_dataset_FMNIST_method_svd_normalized1_1_normalized2_0_freezed_1_denses_1_dense-size_256_076,75,0.62
comps_80_dataset_FMNIST_method_svd_normalized1_1_normalized2_0_freezed_1_denses_2_dense-size_128_076,75,0.61
comps_80_dataset_FMNIST_method_svd_normalized1_1_normalized2_0_freezed_1_denses_2_dense-size_256_083,82,0.64
comps_80_dataset_FMNIST_method_svd_normalized1_1_normalized2_1_freezed_1_denses_0_dense-size_128_025,24,0.52
comps_80_dataset_FMNIST_method_svd_normalized1_1_normalized2_1_freezed_1_denses_0_dense-size_256_068,67,0.51
comps_80_dataset_FMNIST_method_svd_normalized1_1_normalized2_1_freezed_1_denses_1_dense-size_128_099,98,0.57
comps_80_dataset_FMNIST_method_svd_normalized1_1_normalized2_1_freezed_1_denses_1_dense-size_256_082,81,0.60
comps_80_dataset_FMNIST_method_svd_normalized1_1_normalized2_1_freezed_1_denses_2_dense-size_128_080,79,0.60
comps_80_dataset_FMNIST_method_svd_normalized1_1_normalized2_1_freezed_1_denses_2_dense-size_256_081,80,0.62
comps_90_dataset_FMNIST_method_svd_normalized1_0_normalized2_0_freezed_0_denses_0_dense-size_128_026,25,0.61
comps_90_dataset_FMNIST_method_svd_normalized1_0_normalized2_0_freezed_0_denses_0_dense-size_256_058,57,0.61
comps_90_dataset_FMNIST_method_svd_normalized1_0_normalized2_0_freezed_0_denses_1_dense-size_128_095,94,0.67
comps_90_dataset_FMNIST_method_svd_normalized1_0_normalized2_0_freezed_0_denses_1_dense-size_256_098,97,0.69
comps_90_dataset_FMNIST_method_svd_normalized1_0_normalized2_0_freezed_0_denses_2_dense-size_128_098,97,0.69
comps_90_dataset_FMNIST_method_svd_normalized1_0_normalized2_0_freezed_0_denses_2_dense-size_256_097,96,0.71
comps_90_dataset_FMNIST_method_svd_normalized1_0_normalized2_0_freezed_1_denses_0_dense-size_128_061,60,0.56
comps_90_dataset_FMNIST_method_svd_normalized1_0_normalized2_0_freezed_1_denses_0_dense-size_256_030,29,0.56
comps_90_dataset_FMNIST_method_svd_normalized1_0_normalized2_0_freezed_1_denses_1_dense-size_128_063,62,0.64
comps_90_dataset_FMNIST_method_svd_normalized1_0_normalized2_0_freezed_1_denses_1_dense-size_256_098,97,0.64
comps_90_dataset_FMNIST_method_svd_normalized1_0_normalized2_0_freezed_1_denses_2_dense-size_128_058,57,0.64
comps_90_dataset_FMNIST_method_svd_normalized1_0_normalized2_0_freezed_1_denses_2_dense-size_256_084,83,0.66
comps_90_dataset_FMNIST_method_svd_normalized1_1_normalized2_0_freezed_1_denses_0_dense-size_128_046,45,0.51
comps_90_dataset_FMNIST_method_svd_normalized1_1_normalized2_0_freezed_1_denses_0_dense-size_256_068,67,0.51
comps_90_dataset_FMNIST_method_svd_normalized1_1_normalized2_0_freezed_1_denses_1_dense-size_128_079,78,0.59
comps_90_dataset_FMNIST_method_svd_normalized1_1_normalized2_0_freezed_1_denses_1_dense-size_256_093,92,0.62
comps_90_dataset_FMNIST_method_svd_normalized1_1_normalized2_0_freezed_1_denses_2_dense-size_128_080,79,0.61
comps_90_dataset_FMNIST_method_svd_normalized1_1_normalized2_0_freezed_1_denses_2_dense-size_256_084,83,0.61
comps_90_dataset_FMNIST_method_svd_normalized1_1_normalized2_1_freezed_1_denses_0_dense-size_128_061,60,0.51
comps_90_dataset_FMNIST_method_svd_normalized1_1_normalized2_1_freezed_1_denses_0_dense-size_256_060,59,0.52
comps_90_dataset_FMNIST_method_svd_normalized1_1_normalized2_1_freezed_1_denses_1_dense-size_128_099,98,0.57
comps_90_dataset_FMNIST_method_svd_normalized1_1_normalized2_1_freezed_1_denses_1_dense-size_256_093,92,0.60
comps_90_dataset_FMNIST_method_svd_normalized1_1_normalized2_1_freezed_1_denses_2_dense-size_128_094,93,0.61
comps_90_dataset_FMNIST_method_svd_normalized1_1_normalized2_1_freezed_1_denses_2_dense-size_256_094,93,0.64
